Location,Indicator Rate Value,Indicator Rate Value Units,Rate Lower Confidence Interval,Rate Upper Confidence Interval,Period of Measure
77002,67043,dollars,59927,74159,2014-2018
77002,72306,dollars,65002,79610,2013-2017
77002,68229,dollars,58198,78260,2012-2016
77002,62089,dollars,51992,72186,2011-2015
77002,71319,dollars,57900,84738,2010-2014
77002,64093,dollars,52011,76175,2009-2013
77002,57165,dollars,45985,68345,2008-2012
77002,66776,dollars,55707,77845,2007-2011
77003,64006,dollars,56392,71620,2014-2018
77003,59575,dollars,49279,69871,2013-2017
77003,46267,dollars,39137,53397,2012-2016
77003,39039,dollars,33053,45025,2011-2015
77003,40647,dollars,32485,48809,2010-2014
77003,36412,dollars,27445,45379,2009-2013
77003,37664,dollars,30249,45079,2008-2012
77003,35258,dollars,28181,42335,2007-2011
77004,50485,dollars,46397,54573,2014-2018
77004,48592,dollars,42841,54343,2013-2017
77004,50681,dollars,46142,55220,2012-2016
77004,47523,dollars,42771,52275,2011-2015
77004,46059,dollars,40619,51499,2010-2014
77004,41983,dollars,38750,45216,2009-2013
77004,39804,dollars,34303,45305,2008-2012
77004,34079,dollars,30094,38064,2007-2011
77005,189500,dollars,176983,202017,2014-2018
77005,180758,dollars,164630,196886,2013-2017
77005,174153,dollars,156601,191705,2012-2016
77005,166203,dollars,148976,183430,2011-2015
77005,163802,dollars,147675,179929,2010-2014
77005,159732,dollars,148263,171201,2009-2013
77005,153041,dollars,142019,164063,2008-2012
77005,147026,dollars,134024,160028,2007-2011
77006,85000,dollars,75731,94269,2014-2018
77006,82878,dollars,76211,89545,2013-2017
77006,80908,dollars,72925,88891,2012-2016
77006,71158,dollars,61215,81101,2011-2015
77006,69508,dollars,64718,74298,2010-2014
77006,67458,dollars,62996,71920,2009-2013
77006,63360,dollars,61227,65493,2008-2012
77006,62821,dollars,59195,66447,2007-2011
77007,124355,dollars,117404,131306,2014-2018
77007,121458,dollars,113075,129841,2013-2017
77007,113361,dollars,106146,120576,2012-2016
77007,107580,dollars,102471,112689,2011-2015
77007,106044,dollars,100311,111777,2010-2014
77007,98725,dollars,92299,105151,2009-2013
77007,90860,dollars,85688,96032,2008-2012
77007,86462,dollars,82016,90908,2007-2011
77008,104167,dollars,98905,109429,2014-2018
77008,97690,dollars,89636,105744,2013-2017
77008,88248,dollars,80368,96128,2012-2016
77008,82058,dollars,76238,87878,2011-2015
77008,77512,dollars,69360,85664,2010-2014
77008,70293,dollars,64510,76076,2009-2013
77008,65457,dollars,59951,70963,2008-2012
77008,65306,dollars,61559,69053,2007-2011
77009,53116,dollars,49882,56350,2014-2018
77009,49383,dollars,45630,53136,2013-2017
77009,47011,dollars,43438,50584,2012-2016
77009,43830,dollars,39560,48100,2011-2015
77009,45016,dollars,40796,49236,2010-2014
77009,44651,dollars,41204,48098,2009-2013
77009,42944,dollars,38790,47098,2008-2012
77009,41699,dollars,38689,44709,2007-2011
77010,240417,dollars,159435,321399,2014-2018
77010,209063,dollars,95627,322499,2010-2014
77010,149444,dollars,15572,283316,2008-2012
77011,30682,dollars,28679,32685,2014-2018
77011,30665,dollars,27954,33376,2013-2017
77011,29544,dollars,26148,32940,2012-2016
77011,26922,dollars,24781,29063,2011-2015
77011,26953,dollars,24068,29838,2010-2014
77011,26838,dollars,24346,29330,2009-2013
77011,27458,dollars,24815,30101,2008-2012
77011,26786,dollars,24851,28721,2007-2011
77012,36532,dollars,32863,40201,2014-2018
77012,36537,dollars,34048,39026,2013-2017
77012,34617,dollars,32098,37136,2012-2016
77012,34891,dollars,32351,37431,2011-2015
77012,35884,dollars,33723,38045,2010-2014
77012,34975,dollars,32789,37161,2009-2013
77012,33035,dollars,30769,35301,2008-2012
77012,33834,dollars,31153,36515,2007-2011
77013,39766,dollars,37191,42341,2014-2018
77013,39513,dollars,35766,43260,2013-2017
77013,37987,dollars,35380,40594,2012-2016
77013,38807,dollars,35858,41756,2011-2015
77013,38519,dollars,35564,41474,2010-2014
77013,36829,dollars,33406,40252,2009-2013
77013,39701,dollars,34837,44565,2008-2012
77013,41091,dollars,38490,43692,2007-2011
77014,48790,dollars,43254,54326,2014-2018
77014,45596,dollars,40949,50243,2013-2017
77014,43207,dollars,38899,47515,2012-2016
77014,41033,dollars,35975,46091,2011-2015
77014,40787,dollars,35718,45856,2010-2014
77014,40659,dollars,35310,46008,2009-2013
77014,41429,dollars,37131,45727,2008-2012
77014,43729,dollars,37640,49818,2007-2011
77015,46300,dollars,43121,49479,2014-2018
77015,45917,dollars,42833,49001,2013-2017
77015,43243,dollars,39671,46815,2012-2016
77015,43058,dollars,40066,46050,2011-2015
77015,42942,dollars,40083,45801,2010-2014
77015,44167,dollars,41651,46683,2009-2013
77015,45912,dollars,42352,49472,2008-2012
77015,45572,dollars,43389,47755,2007-2011
77016,34885,dollars,31969,37801,2014-2018
77016,32302,dollars,29643,34961,2013-2017
77016,31949,dollars,29168,34730,2012-2016
77016,30746,dollars,28404,33088,2011-2015
77016,31808,dollars,28868,34748,2010-2014
77016,31327,dollars,28795,33859,2009-2013
77016,31067,dollars,28754,33380,2008-2012
77016,31725,dollars,30240,33210,2007-2011
77017,48345,dollars,43929,52761,2014-2018
77017,44286,dollars,41273,47299,2013-2017
77017,40909,dollars,38874,42944,2012-2016
77017,39288,dollars,36533,42043,2011-2015
77017,38337,dollars,35287,41387,2010-2014
77017,35586,dollars,33220,37952,2009-2013
77017,36796,dollars,34114,39478,2008-2012
77017,35924,dollars,33856,37992,2007-2011
77018,87827,dollars,81929,93725,2014-2018
77018,81565,dollars,74549,88581,2013-2017
77018,73274,dollars,65549,80999,2012-2016
77018,69048,dollars,63034,75062,2011-2015
77018,65919,dollars,61851,69987,2010-2014
77018,61980,dollars,58223,65737,2009-2013
77018,59510,dollars,54724,64296,2008-2012
77018,56342,dollars,51484,61200,2007-2011
77019,117367,dollars,110329,124405,2014-2018
77019,112243,dollars,104339,120147,2013-2017
77019,102521,dollars,96104,108938,2012-2016
77019,101297,dollars,94851,107743,2011-2015
77019,92844,dollars,85147,100541,2010-2014
77019,87394,dollars,81743,93045,2009-2013
77019,87582,dollars,81203,93961,2008-2012
77019,90000,dollars,80619,99381,2007-2011
77020,30187,dollars,28174,32200,2014-2018
77020,27587,dollars,25177,29997,2013-2017
77020,26896,dollars,24875,28917,2012-2016
77020,27052,dollars,24749,29355,2011-2015
77020,27871,dollars,24679,31063,2010-2014
77020,29401,dollars,25941,32861,2009-2013
77020,28217,dollars,25122,31312,2008-2012
77020,27700,dollars,23725,31675,2007-2011
77021,37318,dollars,32979,41657,2014-2018
77021,35126,dollars,32021,38231,2013-2017
77021,32404,dollars,29024,35784,2012-2016
77021,32800,dollars,29640,35960,2011-2015
77021,32391,dollars,29180,35602,2010-2014
77021,31103,dollars,29624,32582,2009-2013
77021,32096,dollars,29735,34457,2008-2012
77021,31114,dollars,29019,33209,2007-2011
77022,30900,dollars,28942,32858,2014-2018
77022,30164,dollars,28177,32151,2013-2017
77022,29277,dollars,27319,31235,2012-2016
77022,30852,dollars,28745,32959,2011-2015
77022,30011,dollars,27956,32066,2010-2014
77022,28810,dollars,26690,30930,2009-2013
77022,27895,dollars,24843,30947,2008-2012
77022,26305,dollars,23586,29024,2007-2011
77023,40261,dollars,37631,42891,2014-2018
77023,37462,dollars,34504,40420,2013-2017
77023,35723,dollars,33290,38156,2012-2016
77023,36065,dollars,33533,38597,2011-2015
77023,37361,dollars,34219,40503,2010-2014
77023,36033,dollars,33678,38388,2009-2013
77023,37735,dollars,34449,41021,2008-2012
77023,35673,dollars,32912,38434,2007-2011
77024,116920,dollars,110408,123432,2014-2018
77024,118561,dollars,108217,128905,2013-2017
77024,114336,dollars,105057,123615,2012-2016
77024,114223,dollars,105397,123049,2011-2015
77024,114864,dollars,105365,124363,2010-2014
77024,111139,dollars,104065,118213,2009-2013
77024,108068,dollars,102422,113714,2008-2012
77024,106052,dollars,100484,111620,2007-2011
77025,74792,dollars,68514,81070,2014-2018
77025,71990,dollars,66627,77353,2013-2017
77025,67548,dollars,64536,70560,2012-2016
77025,66559,dollars,62108,71010,2011-2015
77025,65524,dollars,61290,69758,2010-2014
77025,65828,dollars,62131,69525,2009-2013
77025,64202,dollars,59746,68658,2008-2012
77025,62895,dollars,58462,67328,2007-2011
77026,29393,dollars,27790,30996,2014-2018
77026,26644,dollars,24105,29183,2013-2017
77026,25354,dollars,22846,27862,2012-2016
77026,22242,dollars,19258,25226,2011-2015
77026,21335,dollars,19476,23194,2010-2014
77026,20024,dollars,18034,22014,2009-2013
77026,20200,dollars,18164,22236,2008-2012
77026,21434,dollars,19421,23447,2007-2011
77027,95835,dollars,88595,103075,2014-2018
77027,91296,dollars,81691,100901,2013-2017
77027,88471,dollars,80473,96469,2012-2016
77027,89276,dollars,77952,100600,2011-2015
77027,82038,dollars,74279,89797,2010-2014
77027,81661,dollars,72604,90718,2009-2013
77027,81202,dollars,71771,90633,2008-2012
77027,81076,dollars,72224,89928,2007-2011
77028,30108,dollars,27117,33099,2014-2018
77028,30233,dollars,26646,33820,2013-2017
77028,29272,dollars,25972,32572,2012-2016
77028,29953,dollars,25863,34043,2011-2015
77028,31440,dollars,28245,34635,2010-2014
77028,29389,dollars,25964,32814,2009-2013
77028,31509,dollars,27041,35977,2008-2012
77028,30807,dollars,27340,34274,2007-2011
77029,34967,dollars,30566,39368,2014-2018
77029,32200,dollars,29790,34610,2013-2017
77029,31296,dollars,29254,33338,2012-2016
77029,28797,dollars,24354,33240,2011-2015
77029,30019,dollars,26663,33375,2010-2014
77029,31715,dollars,29609,33821,2009-2013
77029,30811,dollars,29005,32617,2008-2012
77029,31037,dollars,28694,33380,2007-2011
77030,86034,dollars,73792,98276,2014-2018
77030,75290,dollars,67564,83016,2013-2017
77030,73689,dollars,67872,79506,2012-2016
77030,71883,dollars,64750,79016,2011-2015
77030,71078,dollars,63630,78526,2010-2014
77030,68980,dollars,61735,76225,2009-2013
77030,67790,dollars,53435,82145,2008-2012
77030,75968,dollars,61379,90557,2007-2011
77031,50155,dollars,43245,57065,2014-2018
77031,44459,dollars,38595,50323,2013-2017
77031,41976,dollars,38150,45802,2012-2016
77031,39787,dollars,36744,42830,2011-2015
77031,38677,dollars,37058,40296,2010-2014
77031,39278,dollars,36765,41791,2009-2013
77031,41769,dollars,37999,45539,2008-2012
77031,42966,dollars,40038,45894,2007-2011
77032,30855,dollars,26470,35240,2014-2018
77032,30451,dollars,26045,34857,2013-2017
77032,26061,dollars,21566,30556,2012-2016
77032,23498,dollars,21144,25852,2011-2015
77032,23363,dollars,21489,25237,2010-2014
77032,23389,dollars,21788,24990,2009-2013
77032,22389,dollars,20564,24214,2008-2012
77032,22447,dollars,19674,25220,2007-2011
77033,36438,dollars,34413,38463,2014-2018
77033,33750,dollars,31350,36150,2013-2017
77033,31037,dollars,29331,32743,2012-2016
77033,28845,dollars,26395,31295,2011-2015
77033,28125,dollars,25551,30699,2010-2014
77033,27272,dollars,25413,29131,2009-2013
77033,28510,dollars,25999,31021,2008-2012
77033,30561,dollars,28474,32648,2007-2011
77034,48764,dollars,45471,52057,2014-2018
77034,47252,dollars,42781,51723,2013-2017
77034,45271,dollars,40647,49895,2012-2016
77034,43814,dollars,41265,46363,2011-2015
77034,44827,dollars,42288,47366,2010-2014
77034,43905,dollars,41382,46428,2009-2013
77034,44519,dollars,41457,47581,2008-2012
77034,42997,dollars,40313,45681,2007-2011
77035,43503,dollars,38198,48808,2014-2018
77035,44546,dollars,41146,47946,2013-2017
77035,38729,dollars,35579,41879,2012-2016
77035,38889,dollars,36274,41504,2011-2015
77035,37962,dollars,35539,40385,2010-2014
77035,36345,dollars,32888,39802,2009-2013
77035,36151,dollars,33446,38856,2008-2012
77035,39059,dollars,36159,41959,2007-2011
77036,30632,dollars,29423,31841,2014-2018
77036,29744,dollars,28332,31156,2013-2017
77036,27576,dollars,26374,28778,2012-2016
77036,27204,dollars,26143,28265,2011-2015
77036,27935,dollars,26565,29305,2010-2014
77036,28266,dollars,26974,29558,2009-2013
77036,28175,dollars,26937,29413,2008-2012
77036,28450,dollars,27107,29793,2007-2011
77037,42906,dollars,36547,49265,2014-2018
77037,41491,dollars,35988,46994,2013-2017
77037,39513,dollars,34205,44821,2012-2016
77037,37521,dollars,32434,42608,2011-2015
77037,36229,dollars,32403,40055,2010-2014
77037,35518,dollars,32104,38932,2009-2013
77037,34864,dollars,30131,39597,2008-2012
77037,38013,dollars,34362,41664,2007-2011
77038,41523,dollars,39197,43849,2014-2018
77038,41347,dollars,38153,44541,2013-2017
77038,40832,dollars,37918,43746,2012-2016
77038,40603,dollars,37309,43897,2011-2015
77038,39758,dollars,36028,43488,2010-2014
77038,38160,dollars,34187,42133,2009-2013
77038,38746,dollars,36678,40814,2008-2012
77038,40581,dollars,37484,43678,2007-2011
77039,36347,dollars,32214,40480,2014-2018
77039,34608,dollars,31516,37700,2013-2017
77039,36021,dollars,30987,41055,2012-2016
77039,36604,dollars,32419,40789,2011-2015
77039,37275,dollars,33676,40874,2010-2014
77039,38167,dollars,35063,41271,2009-2013
77039,39483,dollars,35616,43350,2008-2012
77039,40889,dollars,38390,43388,2007-2011
77040,56974,dollars,50761,63187,2014-2018
77040,55438,dollars,51312,59564,2013-2017
77040,54468,dollars,51258,57678,2012-2016
77040,51998,dollars,49576,54420,2011-2015
77040,53233,dollars,50759,55707,2010-2014
77040,53194,dollars,50929,55459,2009-2013
77040,53332,dollars,51439,55225,2008-2012
77040,53666,dollars,50715,56617,2007-2011
77041,82986,dollars,76310,89662,2014-2018
77041,79503,dollars,70491,88515,2013-2017
77041,75808,dollars,69111,82505,2012-2016
77041,75185,dollars,70648,79722,2011-2015
77041,74020,dollars,69630,78410,2010-2014
77041,70608,dollars,66823,74393,2009-2013
77041,70413,dollars,66120,74706,2008-2012
77041,69246,dollars,63733,74759,2007-2011
77042,48269,dollars,44546,51992,2014-2018
77042,47297,dollars,43243,51351,2013-2017
77042,46383,dollars,43825,48941,2012-2016
77042,44520,dollars,41502,47538,2011-2015
77042,45403,dollars,41513,49293,2010-2014
77042,46159,dollars,42179,50139,2009-2013
77042,46885,dollars,43413,50357,2008-2012
77042,48438,dollars,46065,50811,2007-2011
77043,64298,dollars,58169,70427,2014-2018
77043,60043,dollars,56140,63946,2013-2017
77043,58409,dollars,55384,61434,2012-2016
77043,58655,dollars,54749,62561,2011-2015
77043,52598,dollars,45789,59407,2010-2014
77043,54359,dollars,48693,60025,2009-2013
77043,52263,dollars,46210,58316,2008-2012
77043,53615,dollars,47776,59454,2007-2011
77044,78483,dollars,72820,84146,2014-2018
77044,76387,dollars,68807,83967,2013-2017
77044,71788,dollars,64906,78670,2012-2016
77044,73716,dollars,65936,81496,2011-2015
77044,74455,dollars,66166,82744,2010-2014
77044,72761,dollars,66235,79287,2009-2013
77044,66186,dollars,59704,72668,2008-2012
77044,63892,dollars,58151,69633,2007-2011
77045,56826,dollars,50993,62659,2014-2018
77045,51170,dollars,47251,55089,2013-2017
77045,44690,dollars,39922,49458,2012-2016
77045,40488,dollars,36311,44665,2011-2015
77045,39020,dollars,35701,42339,2010-2014
77045,36952,dollars,34556,39348,2009-2013
77045,37276,dollars,33669,40883,2008-2012
77045,40512,dollars,37481,43543,2007-2011
77046,81803,dollars,60105,103501,2014-2018
77046,90036,dollars,59804,120268,2013-2017
77046,78750,dollars,57288,100212,2012-2016
77046,98047,dollars,52803,143291,2011-2015
77046,98846,dollars,52054,145638,2010-2014
77046,85493,dollars,65507,105479,2009-2013
77046,85943,dollars,67709,104177,2008-2012
77046,79185,dollars,47083,111287,2007-2011
77047,64648,dollars,59526,69770,2014-2018
77047,56706,dollars,49764,63648,2013-2017
77047,52476,dollars,41672,63280,2012-2016
77047,50180,dollars,47109,53251,2011-2015
77047,50023,dollars,46020,54026,2010-2014
77047,49246,dollars,45243,53249,2009-2013
77047,49625,dollars,44690,54560,2008-2012
77047,47306,dollars,43331,51281,2007-2011
77048,42691,dollars,36506,48876,2014-2018
77048,41220,dollars,37588,44852,2013-2017
77048,40077,dollars,34985,45169,2012-2016
77048,40407,dollars,35898,44916,2011-2015
77048,40026,dollars,36036,44016,2010-2014
77048,36818,dollars,32207,41429,2009-2013
77048,36721,dollars,31135,42307,2008-2012
77048,32500,dollars,26213,38787,2007-2011
77049,58774,dollars,54281,63267,2014-2018
77049,56760,dollars,53529,59991,2013-2017
77049,52735,dollars,49910,55560,2012-2016
77049,52287,dollars,50096,54478,2011-2015
77049,52300,dollars,49219,55381,2010-2014
77049,50348,dollars,46302,54394,2009-2013
77049,50182,dollars,46582,53782,2008-2012
77049,53695,dollars,48412,58978,2007-2011
77050,56275,dollars,47339,65211,2014-2018
77050,57163,dollars,46882,67444,2013-2017
77050,52963,dollars,45590,60336,2012-2016
77050,54500,dollars,42384,66616,2011-2015
77050,49577,dollars,39535,59619,2010-2014
77050,44327,dollars,33986,54668,2009-2013
77050,46934,dollars,32852,61016,2008-2012
77050,47083,dollars,36899,57267,2007-2011
77051,27496,dollars,22501,32491,2014-2018
77051,27244,dollars,24052,30436,2013-2017
77051,26960,dollars,23120,30800,2012-2016
77051,23832,dollars,22144,25520,2011-2015
77051,23237,dollars,21768,24706,2010-2014
77051,22920,dollars,20789,25051,2009-2013
77051,23481,dollars,21144,25818,2008-2012
77051,23147,dollars,20768,25526,2007-2011
77054,50665,dollars,48387,52943,2014-2018
77054,48681,dollars,45921,51441,2013-2017
77054,46646,dollars,42866,50426,2012-2016
77054,46019,dollars,42054,49984,2011-2015
77054,43226,dollars,39670,46782,2010-2014
77054,41694,dollars,37938,45450,2009-2013
77054,42447,dollars,39832,45062,2008-2012
77054,39561,dollars,37028,42094,2007-2011
77055,53263,dollars,49929,56597,2014-2018
77055,52269,dollars,48992,55546,2013-2017
77055,47808,dollars,44694,50922,2012-2016
77055,45332,dollars,42289,48375,2011-2015
77055,45264,dollars,41909,48619,2010-2014
77055,46987,dollars,44621,49353,2009-2013
77055,43470,dollars,39748,47192,2008-2012
77055,45090,dollars,41489,48691,2007-2011
77056,109515,dollars,103921,115109,2014-2018
77056,107003,dollars,101697,112309,2013-2017
77056,98862,dollars,92105,105619,2012-2016
77056,93143,dollars,85712,100574,2011-2015
77056,92521,dollars,82447,102595,2010-2014
77056,93069,dollars,85366,100772,2009-2013
77056,90348,dollars,82639,98057,2008-2012
77056,89197,dollars,81184,97210,2007-2011
77057,59104,dollars,54566,63642,2014-2018
77057,57093,dollars,52203,61983,2013-2017
77057,57920,dollars,53491,62349,2012-2016
77057,56792,dollars,53440,60144,2011-2015
77057,52624,dollars,48709,56539,2010-2014
77057,54594,dollars,50827,58361,2009-2013
77057,54614,dollars,50919,58309,2008-2012
77057,56080,dollars,52365,59795,2007-2011
77058,57027,dollars,52880,61174,2014-2018
77058,51635,dollars,46135,57135,2013-2017
77058,50981,dollars,45150,56812,2012-2016
77058,51868,dollars,47498,56238,2011-2015
77058,49530,dollars,44227,54833,2010-2014
77058,49589,dollars,45472,53706,2009-2013
77058,52861,dollars,48690,57032,2008-2012
77058,52114,dollars,49500,54728,2007-2011
77059,134688,dollars,122305,147071,2014-2018
77059,126385,dollars,115047,137723,2013-2017
77059,131453,dollars,115171,147735,2012-2016
77059,128406,dollars,113030,143782,2011-2015
77059,132137,dollars,120510,143764,2010-2014
77059,136355,dollars,128996,143714,2009-2013
77059,135394,dollars,127015,143773,2008-2012
77059,131456,dollars,124482,138430,2007-2011
77060,30342,dollars,28709,31975,2014-2018
77060,28948,dollars,26616,31280,2013-2017
77060,27439,dollars,25855,29023,2012-2016
77060,25968,dollars,24635,27301,2011-2015
77060,26427,dollars,24709,28145,2010-2014
77060,27750,dollars,25563,29937,2009-2013
77060,28734,dollars,27056,30412,2008-2012
77060,27911,dollars,25732,30090,2007-2011
77061,38500,dollars,33518,43482,2014-2018
77061,39180,dollars,34661,43699,2013-2017
77061,35772,dollars,32963,38581,2012-2016
77061,33828,dollars,30741,36915,2011-2015
77061,33302,dollars,30492,36112,2010-2014
77061,34566,dollars,29212,39920,2009-2013
77061,31854,dollars,27649,36059,2008-2012
77061,33904,dollars,29905,37903,2007-2011
77062,92166,dollars,85405,98927,2014-2018
77062,88433,dollars,81191,95675,2013-2017
77062,83452,dollars,75590,91314,2012-2016
77062,84051,dollars,77935,90167,2011-2015
77062,83932,dollars,77006,90858,2010-2014
77062,87960,dollars,82863,93057,2009-2013
77062,88897,dollars,82473,95321,2008-2012
77062,87288,dollars,82309,92267,2007-2011
77063,45262,dollars,42372,48152,2014-2018
77063,44957,dollars,42359,47555,2013-2017
77063,44670,dollars,42509,46831,2012-2016
77063,46285,dollars,42644,49926,2011-2015
77063,46611,dollars,44122,49100,2010-2014
77063,49873,dollars,47103,52643,2009-2013
77063,50460,dollars,46417,54503,2008-2012
77063,46074,dollars,43722,48426,2007-2011
77064,70324,dollars,64900,75748,2014-2018
77064,67763,dollars,61140,74386,2013-2017
77064,67095,dollars,61367,72823,2012-2016
77064,63594,dollars,59286,67902,2011-2015
77064,64234,dollars,60241,68227,2010-2014
77064,62610,dollars,57315,67905,2009-2013
77064,64945,dollars,60578,69312,2008-2012
77064,64453,dollars,60736,68170,2007-2011
77065,56362,dollars,52107,60617,2014-2018
77065,54688,dollars,49688,59688,2013-2017
77065,54928,dollars,50916,58940,2012-2016
77065,53769,dollars,49548,57990,2011-2015
77065,56341,dollars,52038,60644,2010-2014
77065,54091,dollars,49954,58228,2009-2013
77065,56110,dollars,52298,59922,2008-2012
77065,58284,dollars,52973,63595,2007-2011
77066,60106,dollars,55690,64522,2014-2018
77066,61430,dollars,57128,65732,2013-2017
77066,59640,dollars,54924,64356,2012-2016
77066,60816,dollars,57514,64118,2011-2015
77066,60143,dollars,56368,63918,2010-2014
77066,59855,dollars,56288,63422,2009-2013
77066,61850,dollars,58281,65419,2008-2012
77066,61204,dollars,56732,65676,2007-2011
77067,41859,dollars,39929,43789,2014-2018
77067,40138,dollars,37926,42350,2013-2017
77067,38033,dollars,36024,40042,2012-2016
77067,38720,dollars,36894,40546,2011-2015
77067,38323,dollars,35806,40840,2010-2014
77067,37309,dollars,33942,40676,2009-2013
77067,37254,dollars,34158,40350,2008-2012
77067,38093,dollars,35655,40531,2007-2011
77068,81728,dollars,71224,92232,2014-2018
77068,80313,dollars,68607,92019,2013-2017
77068,81920,dollars,65446,98394,2012-2016
77068,71276,dollars,63346,79206,2011-2015
77068,71932,dollars,64299,79565,2010-2014
77068,67945,dollars,56830,79060,2009-2013
77068,73750,dollars,61313,86187,2008-2012
77068,72069,dollars,55997,88141,2007-2011
77069,67431,dollars,60451,74411,2014-2018
77069,64313,dollars,57728,70898,2013-2017
77069,65307,dollars,56973,73641,2012-2016
77069,67618,dollars,57812,77424,2011-2015
77069,64498,dollars,57608,71388,2010-2014
77069,68495,dollars,61251,75739,2009-2013
77069,66856,dollars,58163,75549,2008-2012
77069,67895,dollars,61867,73923,2007-2011
77070,66983,dollars,61535,72431,2014-2018
77070,69038,dollars,63576,74500,2013-2017
77070,71428,dollars,68060,74796,2012-2016
77070,69929,dollars,67261,72597,2011-2015
77070,70632,dollars,67191,74073,2010-2014
77070,69139,dollars,66125,72153,2009-2013
77070,70634,dollars,66225,75043,2008-2012
77070,69122,dollars,65292,72952,2007-2011
77071,46801,dollars,41702,51900,2014-2018
77071,49137,dollars,42816,55458,2013-2017
77071,44824,dollars,41456,48192,2012-2016
77071,46871,dollars,43193,50549,2011-2015
77071,47521,dollars,44729,50313,2010-2014
77071,45941,dollars,42555,49327,2009-2013
77071,44958,dollars,41738,48178,2008-2012
77071,44867,dollars,40469,49265,2007-2011
77072,41557,dollars,38871,44243,2014-2018
77072,41041,dollars,39247,42835,2013-2017
77072,39103,dollars,36662,41544,2012-2016
77072,37060,dollars,35364,38756,2011-2015
77072,37143,dollars,35573,38713,2010-2014
77072,35462,dollars,33704,37220,2009-2013
77072,35763,dollars,33750,37776,2008-2012
77072,36457,dollars,34977,37937,2007-2011
77073,52095,dollars,48388,55802,2014-2018
77073,54079,dollars,50033,58125,2013-2017
77073,52327,dollars,49083,55571,2012-2016
77073,53450,dollars,50289,56611,2011-2015
77073,52273,dollars,49763,54783,2010-2014
77073,51206,dollars,47772,54640,2009-2013
77073,50745,dollars,48383,53107,2008-2012
77073,50017,dollars,47640,52394,2007-2011
77074,40214,dollars,36792,43636,2014-2018
77074,36593,dollars,34815,38371,2013-2017
77074,34920,dollars,32633,37207,2012-2016
77074,34529,dollars,33050,36008,2011-2015
77074,34421,dollars,32427,36415,2010-2014
77074,36207,dollars,33444,38970,2009-2013
77074,35154,dollars,33355,36953,2008-2012
77074,34512,dollars,33167,35857,2007-2011
77075,53633,dollars,50837,56429,2014-2018
77075,50653,dollars,48239,53067,2013-2017
77075,48612,dollars,44708,52516,2012-2016
77075,46043,dollars,40706,51380,2011-2015
77075,47644,dollars,42251,53037,2010-2014
77075,45581,dollars,41903,49259,2009-2013
77075,47737,dollars,44309,51165,2008-2012
77075,48901,dollars,45197,52605,2007-2011
77076,37072,dollars,35049,39095,2014-2018
77076,34842,dollars,32027,37657,2013-2017
77076,31930,dollars,29350,34510,2012-2016
77076,31093,dollars,28212,33974,2011-2015
77076,30403,dollars,28013,32793,2010-2014
77076,31212,dollars,28389,34035,2009-2013
77076,32764,dollars,29898,35630,2008-2012
77076,32243,dollars,29467,35019,2007-2011
77077,65922,dollars,61511,70333,2014-2018
77077,66587,dollars,63885,69289,2013-2017
77077,63701,dollars,59577,67825,2012-2016
77077,63559,dollars,60290,66828,2011-2015
77077,62784,dollars,59383,66185,2010-2014
77077,59958,dollars,55313,64603,2009-2013
77077,61702,dollars,56391,67013,2008-2012
77077,60398,dollars,55787,65009,2007-2011
77078,37356,dollars,29548,45164,2014-2018
77078,35770,dollars,32891,38649,2013-2017
77078,32040,dollars,26764,37316,2012-2016
77078,31118,dollars,27955,34281,2011-2015
77078,28338,dollars,24589,32087,2010-2014
77078,30368,dollars,23456,37280,2009-2013
77078,32441,dollars,26926,37956,2008-2012
77078,33995,dollars,30395,37595,2007-2011
77079,100107,dollars,89594,110620,2014-2018
77079,98774,dollars,91583,105965,2013-2017
77079,101743,dollars,99259,104227,2012-2016
77079,100367,dollars,97453,103281,2011-2015
77079,99650,dollars,96917,102383,2010-2014
77079,95589,dollars,90002,101176,2009-2013
77079,94924,dollars,90421,99427,2008-2012
77079,92460,dollars,87475,97445,2007-2011
77080,44814,dollars,40865,48763,2014-2018
77080,44386,dollars,41119,47653,2013-2017
77080,41285,dollars,39160,43410,2012-2016
77080,40983,dollars,38770,43196,2011-2015
77080,38407,dollars,36217,40597,2010-2014
77080,38159,dollars,35491,40827,2009-2013
77080,36162,dollars,34406,37918,2008-2012
77080,36453,dollars,34786,38120,2007-2011
77081,31196,dollars,29961,32431,2014-2018
77081,29079,dollars,26707,31451,2013-2017
77081,27691,dollars,25918,29464,2012-2016
77081,27187,dollars,25769,28605,2011-2015
77081,27191,dollars,25686,28696,2010-2014
77081,26741,dollars,25295,28187,2009-2013
77081,27789,dollars,26019,29559,2008-2012
77081,28949,dollars,26949,30949,2007-2011
77082,53313,dollars,49426,57200,2014-2018
77082,53999,dollars,50844,57154,2013-2017
77082,49825,dollars,47012,52638,2012-2016
77082,49813,dollars,46640,52986,2011-2015
77082,50894,dollars,48437,53351,2010-2014
77082,50294,dollars,47465,53123,2009-2013
77082,49962,dollars,46467,53457,2008-2012
77082,49163,dollars,46391,51935,2007-2011
77083,54650,dollars,51791,57509,2014-2018
77083,54786,dollars,51475,58097,2013-2017
77083,55290,dollars,52718,57862,2012-2016
77083,52045,dollars,48719,55371,2011-2015
77083,52075,dollars,47713,56437,2010-2014
77083,53879,dollars,50620,57138,2009-2013
77083,54639,dollars,51420,57858,2008-2012
77083,57517,dollars,54629,60405,2007-2011
77084,65742,dollars,61671,69813,2014-2018
77084,65617,dollars,61637,69597,2013-2017
77084,66914,dollars,63957,69871,2012-2016
77084,63597,dollars,60563,66631,2011-2015
77084,64652,dollars,61451,67853,2010-2014
77084,62785,dollars,59344,66226,2009-2013
77084,62248,dollars,59438,65058,2008-2012
77084,62025,dollars,59533,64517,2007-2011
77085,56288,dollars,52939,59637,2014-2018
77085,55950,dollars,51791,60109,2013-2017
77085,53362,dollars,50168,56556,2012-2016
77085,56153,dollars,48905,63401,2011-2015
77085,49872,dollars,45462,54282,2010-2014
77085,49466,dollars,45528,53404,2009-2013
77085,51250,dollars,44174,58326,2008-2012
77085,51278,dollars,43524,59032,2007-2011
77086,47303,dollars,44271,50335,2014-2018
77086,43116,dollars,38122,48110,2013-2017
77086,41119,dollars,38299,43939,2012-2016
77086,41466,dollars,37998,44934,2011-2015
77086,42581,dollars,39465,45697,2010-2014
77086,42030,dollars,39013,45047,2009-2013
77086,43665,dollars,41350,45980,2008-2012
77086,43892,dollars,41882,45902,2007-2011
77087,37222,dollars,35165,39279,2014-2018
77087,35302,dollars,33031,37573,2013-2017
77087,34187,dollars,31687,36687,2012-2016
77087,32206,dollars,30156,34256,2011-2015
77087,36792,dollars,32715,40869,2010-2014
77087,38707,dollars,36117,41297,2009-2013
77087,40440,dollars,38441,42439,2008-2012
77087,39613,dollars,37639,41587,2007-2011
77088,44422,dollars,41679,47165,2014-2018
77088,44472,dollars,41995,46949,2013-2017
77088,42287,dollars,39480,45094,2012-2016
77088,42299,dollars,39419,45179,2011-2015
77088,42447,dollars,39471,45423,2010-2014
77088,40896,dollars,38538,43254,2009-2013
77088,41067,dollars,39173,42961,2008-2012
77088,41104,dollars,38997,43211,2007-2011
77089,68204,dollars,63707,72701,2014-2018
77089,66775,dollars,62272,71278,2013-2017
77089,64766,dollars,61468,68064,2012-2016
77089,65251,dollars,62358,68144,2011-2015
77089,65186,dollars,62542,67830,2010-2014
77089,63141,dollars,59959,66323,2009-2013
77089,63027,dollars,60472,65582,2008-2012
77089,62640,dollars,60037,65243,2007-2011
77090,39879,dollars,36899,42859,2014-2018
77090,39392,dollars,36738,42046,2013-2017
77090,39583,dollars,36052,43114,2012-2016
77090,37910,dollars,33869,41951,2011-2015
77090,37727,dollars,33368,42086,2010-2014
77090,36138,dollars,30991,41285,2009-2013
77090,38459,dollars,34093,42825,2008-2012
77090,40151,dollars,37200,43102,2007-2011
77091,35940,dollars,33006,38874,2014-2018
77091,32500,dollars,29204,35796,2013-2017
77091,31516,dollars,29064,33968,2012-2016
77091,30038,dollars,26499,33577,2011-2015
77091,28628,dollars,25375,31881,2010-2014
77091,27903,dollars,25004,30802,2009-2013
77091,29000,dollars,24296,33704,2008-2012
77091,28510,dollars,24588,32432,2007-2011
77092,40521,dollars,37919,43123,2014-2018
77092,39921,dollars,37968,41874,2013-2017
77092,37706,dollars,35252,40160,2012-2016
77092,37085,dollars,33550,40620,2011-2015
77092,37383,dollars,34684,40082,2010-2014
77092,37314,dollars,35172,39456,2009-2013
77092,35555,dollars,33729,37381,2008-2012
77092,35647,dollars,33753,37541,2007-2011
77093,31261,dollars,30042,32480,2014-2018
77093,30837,dollars,29421,32253,2013-2017
77093,31383,dollars,29840,32926,2012-2016
77093,32317,dollars,30753,33881,2011-2015
77093,33085,dollars,31021,35149,2010-2014
77093,31725,dollars,30303,33147,2009-2013
77093,31550,dollars,29623,33477,2008-2012
77093,32222,dollars,29875,34569,2007-2011
77094,175840,dollars,156075,195605,2014-2018
77094,158160,dollars,138882,177438,2013-2017
77094,168611,dollars,145675,191547,2012-2016
77094,170069,dollars,145051,195087,2011-2015
77094,158398,dollars,125183,191613,2010-2014
77094,146518,dollars,112190,180846,2009-2013
77094,155577,dollars,138981,172173,2008-2012
77094,155256,dollars,143794,166718,2007-2011
77095,94290,dollars,87730,100850,2014-2018
77095,92175,dollars,87961,96389,2013-2017
77095,88148,dollars,81397,94899,2012-2016
77095,88043,dollars,83283,92803,2011-2015
77095,88555,dollars,84809,92301,2010-2014
77095,89393,dollars,86219,92567,2009-2013
77095,89752,dollars,85809,93695,2008-2012
77095,92815,dollars,87748,97882,2007-2011
77096,64022,dollars,60080,67964,2014-2018
77096,61583,dollars,57398,65768,2013-2017
77096,58538,dollars,54388,62688,2012-2016
77096,60575,dollars,56897,64253,2011-2015
77096,59556,dollars,54914,64198,2010-2014
77096,63346,dollars,57756,68936,2009-2013
77096,65011,dollars,58455,71567,2008-2012
77096,66460,dollars,61894,71026,2007-2011
77098,87200,dollars,81983,92417,2014-2018
77098,87820,dollars,83439,92201,2013-2017
77098,83686,dollars,78326,89046,2012-2016
77098,80932,dollars,74323,87541,2011-2015
77098,82017,dollars,76540,87494,2010-2014
77098,81907,dollars,74299,89515,2009-2013
77098,78652,dollars,71936,85368,2008-2012
77098,76556,dollars,67797,85315,2007-2011
77099,39783,dollars,37738,41828,2014-2018
77099,38878,dollars,36975,40781,2013-2017
77099,36355,dollars,34695,38015,2012-2016
77099,35209,dollars,33669,36749,2011-2015
77099,36755,dollars,35175,38335,2010-2014
77099,35252,dollars,33510,36994,2009-2013
77099,35879,dollars,33538,38220,2008-2012
77099,36306,dollars,34662,37950,2007-2011
77336,69512,dollars,62123,76901,2014-2018
77336,67563,dollars,58462,76664,2013-2017
77336,65655,dollars,56222,75088,2012-2016
77336,70497,dollars,64322,76672,2011-2015
77336,63814,dollars,55881,71747,2010-2014
77336,62995,dollars,54956,71034,2009-2013
77336,63347,dollars,56974,69720,2008-2012
77336,65212,dollars,59718,70706,2007-2011
77338,54489,dollars,50496,58482,2014-2018
77338,50263,dollars,47350,53176,2013-2017
77338,48459,dollars,45689,51229,2012-2016
77338,47587,dollars,44636,50538,2011-2015
77338,47534,dollars,44685,50383,2010-2014
77338,48046,dollars,44970,51122,2009-2013
77338,48673,dollars,42594,54752,2008-2012
77338,47968,dollars,41910,54026,2007-2011
77339,73710,dollars,70310,77110,2014-2018
77339,73466,dollars,68402,78530,2013-2017
77339,70554,dollars,66295,74813,2012-2016
77339,71312,dollars,66810,75814,2011-2015
77339,72200,dollars,68665,75735,2010-2014
77339,73135,dollars,69145,77125,2009-2013
77339,71759,dollars,66579,76939,2008-2012
77339,75176,dollars,67926,82426,2007-2011
77345,132955,dollars,124970,140940,2014-2018
77345,128646,dollars,123687,133605,2013-2017
77345,125990,dollars,119798,132182,2012-2016
77345,122905,dollars,115980,129830,2011-2015
77345,121224,dollars,113846,128602,2010-2014
77345,119708,dollars,113378,126038,2009-2013
77345,124055,dollars,114072,134038,2008-2012
77345,123616,dollars,116107,131125,2007-2011
77346,103478,dollars,99593,107363,2014-2018
77346,98840,dollars,94200,103480,2013-2017
77346,91446,dollars,86065,96827,2012-2016
77346,90116,dollars,84453,95779,2011-2015
77346,87878,dollars,83628,92128,2010-2014
77346,86523,dollars,83637,89409,2009-2013
77346,87508,dollars,84070,90946,2008-2012
77346,86581,dollars,82152,91010,2007-2011
77373,69046,dollars,64814,73278,2014-2018
77373,67924,dollars,64166,71682,2013-2017
77373,67078,dollars,62718,71438,2012-2016
77373,66686,dollars,62988,70384,2011-2015
77373,67464,dollars,64337,70591,2010-2014
77373,67742,dollars,64370,71114,2009-2013
77373,69604,dollars,66193,73015,2008-2012
77373,67742,dollars,65137,70347,2007-2011
77375,72049,dollars,67341,76757,2014-2018
77375,69446,dollars,63696,75196,2013-2017
77375,69046,dollars,64600,73492,2012-2016
77375,67633,dollars,61255,74011,2011-2015
77375,61941,dollars,55256,68626,2010-2014
77375,60782,dollars,54261,67303,2009-2013
77375,61463,dollars,56074,66852,2008-2012
77375,59324,dollars,53281,65367,2007-2011
77377,99276,dollars,93552,105000,2014-2018
77377,96064,dollars,89850,102278,2013-2017
77377,92338,dollars,85065,99611,2012-2016
77377,94432,dollars,85798,103066,2011-2015
77377,93884,dollars,84313,103455,2010-2014
77377,87474,dollars,77425,97523,2009-2013
77377,96630,dollars,91269,101991,2008-2012
77377,94083,dollars,89997,98169,2007-2011
77379,102008,dollars,97714,106302,2014-2018
77379,99693,dollars,95035,104351,2013-2017
77379,100997,dollars,97739,104255,2012-2016
77379,98335,dollars,94637,102033,2011-2015
77379,97864,dollars,95178,100550,2010-2014
77379,97692,dollars,93849,101535,2009-2013
77379,100814,dollars,96507,105121,2008-2012
77379,101715,dollars,97352,106078,2007-2011
77388,90483,dollars,85811,95155,2014-2018
77388,87574,dollars,83607,91541,2013-2017
77388,84164,dollars,81051,87277,2012-2016
77388,82725,dollars,78770,86680,2011-2015
77388,82059,dollars,78783,85335,2010-2014
77388,82936,dollars,78374,87498,2009-2013
77388,81650,dollars,78610,84690,2008-2012
77388,84421,dollars,79502,89340,2007-2011
77389,125781,dollars,119244,132318,2014-2018
77389,115725,dollars,107311,124139,2013-2017
77389,115783,dollars,107621,123945,2012-2016
77389,105438,dollars,96969,113907,2011-2015
77389,102205,dollars,92416,111994,2010-2014
77389,99702,dollars,90452,108952,2009-2013
77389,92689,dollars,82918,102460,2008-2012
77389,87675,dollars,81793,93557,2007-2011
77396,66455,dollars,62973,69937,2014-2018
77396,64195,dollars,61240,67150,2013-2017
77396,60942,dollars,57329,64555,2012-2016
77396,59027,dollars,54084,63970,2011-2015
77396,57440,dollars,52614,62266,2010-2014
77396,56575,dollars,52032,61118,2009-2013
77396,58775,dollars,55369,62181,2008-2012
77396,58739,dollars,55490,61988,2007-2011
77401,185795,dollars,163560,208030,2014-2018
77401,172205,dollars,151055,193355,2013-2017
77401,169545,dollars,145915,193175,2012-2016
77401,162703,dollars,150759,174647,2011-2015
77401,154053,dollars,133005,175101,2010-2014
77401,144821,dollars,122033,167609,2009-2013
77401,147660,dollars,127784,167536,2008-2012
77401,136000,dollars,116287,155713,2007-2011
77429,107072,dollars,102657,111487,2014-2018
77429,103092,dollars,97943,108241,2013-2017
77429,101552,dollars,97158,105946,2012-2016
77429,100122,dollars,96067,104177,2011-2015
77429,98191,dollars,94882,101500,2010-2014
77429,96695,dollars,92853,100537,2009-2013
77429,96759,dollars,92942,100576,2008-2012
77429,98100,dollars,95144,101056,2007-2011
77433,109084,dollars,104248,113920,2014-2018
77433,103773,dollars,99363,108183,2013-2017
77433,100457,dollars,95593,105321,2012-2016
77433,96371,dollars,89600,103142,2011-2015
77433,93884,dollars,87739,100029,2010-2014
77433,89258,dollars,82943,95573,2009-2013
77433,92142,dollars,85391,98893,2008-2012
77433,92150,dollars,85261,99039,2007-2011
77447,72656,dollars,66903,78409,2014-2018
77447,72775,dollars,67583,77967,2013-2017
77447,74836,dollars,69644,80028,2012-2016
77447,70286,dollars,62547,78025,2011-2015
77447,65235,dollars,58966,71504,2010-2014
77447,65682,dollars,61278,70086,2009-2013
77447,65263,dollars,61018,69508,2008-2012
77447,62451,dollars,58223,66679,2007-2011
77449,76163,dollars,71122,81204,2014-2018
77449,72397,dollars,67856,76938,2013-2017
77449,71096,dollars,67349,74843,2012-2016
77449,68854,dollars,65023,72685,2011-2015
77449,66550,dollars,62783,70317,2010-2014
77449,65420,dollars,62528,68312,2009-2013
77449,65445,dollars,61889,69001,2008-2012
77449,63836,dollars,60972,66700,2007-2011
77450,97681,dollars,90420,104942,2014-2018
77450,101240,dollars,96311,106169,2013-2017
77450,100504,dollars,95458,105550,2012-2016
77450,98640,dollars,93448,103832,2011-2015
77450,99732,dollars,94748,104716,2010-2014
77450,100957,dollars,96578,105336,2009-2013
77450,99575,dollars,96174,102976,2008-2012
77450,99304,dollars,95280,103328,2007-2011
77493,86614,dollars,80239,92989,2014-2018
77493,85865,dollars,77244,94486,2013-2017
77493,82630,dollars,75399,89861,2012-2016
77493,75087,dollars,68550,81624,2011-2015
77493,76393,dollars,70247,82539,2010-2014
77493,78452,dollars,74334,82570,2009-2013
77493,77272,dollars,72654,81890,2008-2012
77493,77044,dollars,71187,82901,2007-2011
77502,50035,dollars,46341,53729,2014-2018
77502,46105,dollars,43608,48602,2013-2017
77502,45813,dollars,43165,48461,2012-2016
77502,44964,dollars,42089,47839,2011-2015
77502,43893,dollars,41308,46478,2010-2014
77502,43014,dollars,40857,45171,2009-2013
77502,42939,dollars,40442,45436,2008-2012
77502,41763,dollars,38149,45377,2007-2011
77503,50445,dollars,47129,53761,2014-2018
77503,45778,dollars,42255,49301,2013-2017
77503,43277,dollars,37947,48607,2012-2016
77503,45487,dollars,41064,49910,2011-2015
77503,46224,dollars,43399,49049,2010-2014
77503,44939,dollars,41062,48816,2009-2013
77503,42207,dollars,38375,46039,2008-2012
77503,43909,dollars,40576,47242,2007-2011
77504,42973,dollars,39393,46553,2014-2018
77504,40693,dollars,38136,43250,2013-2017
77504,41487,dollars,39453,43521,2012-2016
77504,41972,dollars,38867,45077,2011-2015
77504,40642,dollars,37658,43626,2010-2014
77504,40321,dollars,36778,43864,2009-2013
77504,42226,dollars,37805,46647,2008-2012
77504,41691,dollars,38090,45292,2007-2011
77505,78487,dollars,75057,81917,2014-2018
77505,77490,dollars,73811,81169,2013-2017
77505,74894,dollars,71092,78696,2012-2016
77505,73138,dollars,68577,77699,2011-2015
77505,73294,dollars,68198,78390,2010-2014
77505,72695,dollars,66778,78612,2009-2013
77505,72172,dollars,67614,76730,2008-2012
77505,73011,dollars,68128,77894,2007-2011
77506,38311,dollars,36141,40481,2014-2018
77506,34838,dollars,32945,36731,2013-2017
77506,31840,dollars,30548,33132,2012-2016
77506,30912,dollars,29340,32484,2011-2015
77506,29965,dollars,27957,31973,2010-2014
77506,30617,dollars,28629,32605,2009-2013
77506,30590,dollars,28763,32417,2008-2012
77506,33394,dollars,30836,35952,2007-2011
77520,47817,dollars,44965,50669,2014-2018
77520,46311,dollars,43956,48666,2013-2017
77520,45936,dollars,42742,49130,2012-2016
77520,43424,dollars,40696,46152,2011-2015
77520,43094,dollars,40447,45741,2010-2014
77520,43409,dollars,41433,45385,2009-2013
77520,44181,dollars,41504,46858,2008-2012
77520,42906,dollars,40576,45236,2007-2011
77521,68318,dollars,64617,72019,2014-2018
77521,62513,dollars,59537,65489,2013-2017
77521,58261,dollars,52392,64130,2012-2016
77521,58081,dollars,52410,63752,2011-2015
77521,54343,dollars,49751,58935,2010-2014
77521,53726,dollars,50485,56967,2009-2013
77521,57352,dollars,53532,61172,2008-2012
77521,55881,dollars,52769,58993,2007-2011
77530,57716,dollars,51367,64065,2014-2018
77530,55761,dollars,50238,61284,2013-2017
77530,51209,dollars,48077,54341,2012-2016
77530,49452,dollars,45288,53616,2011-2015
77530,45514,dollars,40972,50056,2010-2014
77530,44786,dollars,38575,50997,2009-2013
77530,43439,dollars,38825,48053,2008-2012
77530,47579,dollars,41857,53301,2007-2011
77532,65805,dollars,61406,70204,2014-2018
77532,62606,dollars,59455,65757,2013-2017
77532,62785,dollars,59511,66059,2012-2016
77532,63211,dollars,60032,66390,2011-2015
77532,62313,dollars,58783,65843,2010-2014
77532,63236,dollars,60448,66024,2009-2013
77532,64317,dollars,58855,69779,2008-2012
77532,63005,dollars,58924,67086,2007-2011
77536,81177,dollars,76599,85755,2014-2018
77536,82420,dollars,75290,89550,2013-2017
77536,80152,dollars,76032,84272,2012-2016
77536,78882,dollars,74527,83237,2011-2015
77536,79251,dollars,75484,83018,2010-2014
77536,77824,dollars,74271,81377,2009-2013
77536,76482,dollars,73940,79024,2008-2012
77536,77228,dollars,73469,80987,2007-2011
77547,42872,dollars,35294,50450,2014-2018
77547,41037,dollars,34693,47381,2013-2017
77547,43750,dollars,37329,50171,2012-2016
77547,42191,dollars,36921,47461,2011-2015
77547,42434,dollars,37199,47669,2010-2014
77547,38692,dollars,33473,43911,2009-2013
77547,40310,dollars,32520,48100,2008-2012
77547,35912,dollars,29436,42388,2007-2011
77562,60130,dollars,50455,69805,2014-2018
77562,62077,dollars,55899,68255,2013-2017
77562,60533,dollars,55721,65345,2012-2016
77562,60066,dollars,52911,67221,2011-2015
77562,59688,dollars,53183,66193,2010-2014
77562,57394,dollars,50278,64510,2009-2013
77562,54504,dollars,49943,59065,2008-2012
77562,52139,dollars,48477,55801,2007-2011
77571,73742,dollars,70199,77285,2014-2018
77571,75232,dollars,71430,79034,2013-2017
77571,72155,dollars,68201,76109,2012-2016
77571,70689,dollars,65777,75601,2011-2015
77571,69480,dollars,65186,73774,2010-2014
77571,68102,dollars,63962,72242,2009-2013
77571,66983,dollars,62886,71080,2008-2012
77571,69004,dollars,64147,73861,2007-2011
77586,93760,dollars,87519,100001,2014-2018
77586,90612,dollars,82453,98771,2013-2017
77586,87543,dollars,81363,93723,2012-2016
77586,88455,dollars,79856,97054,2011-2015
77586,87136,dollars,77324,96948,2010-2014
77586,86786,dollars,73818,99754,2009-2013
77586,86474,dollars,73426,99522,2008-2012
77586,85746,dollars,74992,96500,2007-2011
77587,45643,dollars,41528,49758,2014-2018
77587,44371,dollars,40753,47989,2013-2017
77587,41840,dollars,39939,43741,2012-2016
77587,41211,dollars,38773,43649,2011-2015
77587,38750,dollars,33395,44105,2010-2014
77587,36083,dollars,33390,38776,2009-2013
77587,36420,dollars,32210,40630,2008-2012
77587,37147,dollars,32822,41472,2007-2011
77598,54181,dollars,49283,59079,2014-2018
77598,52167,dollars,48142,56192,2013-2017
77598,48059,dollars,45086,51032,2012-2016
77598,47623,dollars,44049,51197,2011-2015
77598,46161,dollars,42381,49941,2010-2014
77598,46682,dollars,43364,50000,2009-2013
77598,44884,dollars,41414,48354,2008-2012
77598,45773,dollars,42473,49073,2007-2011
